{"inputUnits":33,"outputUnits":3,"inputs":{"V0":{"dtype":"number","min":0.1896995950204358,"max":12144.816398317078},"V1":{"dtype":"number","min":0.1358240999254262,"max":12134.190961225635},"V2":{"dtype":"number","min":0.15635301609862273,"max":12146.32156325227},"V3":{"dtype":"number","min":0.13807899176989852,"max":12120.031459728078},"V4":{"dtype":"number","min":0.12924729150536132,"max":12112.31040634341},"V5":{"dtype":"number","min":0.17542604030141115,"max":12087.667424763282},"V6":{"dtype":"number","min":0.15646206118906855,"max":12114.038227183237},"V7":{"dtype":"number","min":0.13714779036146688,"max":12097.557456718216},"V8":{"dtype":"number","min":0.08416560513973159,"max":12160.948478218384},"V9":{"dtype":"number","min":0.09071648974144758,"max":12172.127283115167},"V10":{"dtype":"number","min":0.11087611905883522,"max":12141.161309922218},"V11":{"dtype":"number","min":0.16265884302901837,"max":12018.824037350485},"V12":{"dtype":"number","min":0.27889436099026493,"max":12166.03587121879},"V13":{"dtype":"number","min":0.16870820043472004,"max":12544.596093068354},"V14":{"dtype":"number","min":0.13923659412100875,"max":12295.170305840815},"V15":{"dtype":"number","min":0.4586378922990618,"max":18200.14699875655},"V16":{"dtype":"number","min":0.33326052916302235,"max":15406.331581464436},"V17":{"dtype":"number","min":0.35886932566009916,"max":19946.034528816024},"V18":{"dtype":"number","min":0.27806290938349226,"max":16308.50584617285},"V19":{"dtype":"number","min":0.2892409127049469,"max":18199.18765207762},"V20":{"dtype":"number","min":0.35630059084808285,"max":16204.433651245723},"V21":{"dtype":"number","min":0.12107909816728735,"max":17649.3014008399},"V22":{"dtype":"number","min":0.3534701056620289,"max":15767.697413713651},"V23":{"dtype":"number","min":0.07866510872290645,"max":11882.73248331074},"V24":{"dtype":"number","min":0.16928454843270913,"max":11990.828683592556},"V25":{"dtype":"number","min":0.12964855866391237,"max":12848.598551430257},"V26":{"dtype":"number","min":0.2606793629532901,"max":12911.957680669711},"V27":{"dtype":"number","min":0.10294585638104545,"max":15228.568486336393},"V28":{"dtype":"number","min":0.10779468668272843,"max":15307.324650576726},"V29":{"dtype":"number","min":0.07543538833579148,"max":15570.357878333412},"V30":{"dtype":"number","min":0.2218077748984544,"max":16036.05278536749},"V31":{"dtype":"number","min":0.08484221852903569,"max":17036.952697344397},"V32":{"dtype":"number","min":0.010433020019324056,"max":17657.445208423367}},"outputs":{"label":{"dtype":"string","min":0,"max":1,"uniqueValues":["Fast","Sudden","Slow"],"legend":{"Fast":[1,0,0],"Sudden":[0,1,0],"Slow":[0,0,1]}}},"isNormalized":true,"seriesShape":[150,33]}