{"inputUnits":33,"outputUnits":2,"inputs":{"Acc0":{"dtype":"number","min":0,"max":361341.3789731255},"Acc1":{"dtype":"number","min":0,"max":381096.11769318464},"Acc2":{"dtype":"number","min":0,"max":395151.4515206537},"Acc3":{"dtype":"number","min":0,"max":411333.54376245005},"Acc4":{"dtype":"number","min":0,"max":361031.39947990025},"Acc5":{"dtype":"number","min":0,"max":360485.9732095431},"Acc6":{"dtype":"number","min":0,"max":360937.8806572964},"Acc7":{"dtype":"number","min":0,"max":427237.9294330419},"Acc8":{"dtype":"number","min":0,"max":361757.4099089676},"Acc9":{"dtype":"number","min":0,"max":384184.50847445667},"Acc10":{"dtype":"number","min":0,"max":360945.2836538503},"Acc11":{"dtype":"number","min":0,"max":575432.6693521825},"Acc12":{"dtype":"number","min":0,"max":367155.15972777264},"Acc13":{"dtype":"number","min":0,"max":591509.7320821035},"Acc14":{"dtype":"number","min":0,"max":359666.7746767253},"Acc15":{"dtype":"number","min":0,"max":552835.4709524029},"Acc16":{"dtype":"number","min":0,"max":423724.1911342792},"Acc17":{"dtype":"number","min":0,"max":562640.6015528737},"Acc18":{"dtype":"number","min":0,"max":464103.9385776662},"Acc19":{"dtype":"number","min":0,"max":512132.4266255607},"Acc20":{"dtype":"number","min":0,"max":467058.88372228394},"Acc21":{"dtype":"number","min":0,"max":529684.3508335302},"Acc22":{"dtype":"number","min":0,"max":454380.91862851335},"Acc23":{"dtype":"number","min":0,"max":468214.84105480247},"Acc24":{"dtype":"number","min":0,"max":358234.2505408849},"Acc25":{"dtype":"number","min":0,"max":501987.2815588279},"Acc26":{"dtype":"number","min":0,"max":357990.58418100805},"Acc27":{"dtype":"number","min":0,"max":512317.32504216844},"Acc28":{"dtype":"number","min":0,"max":524546.3676218509},"Acc29":{"dtype":"number","min":0,"max":547576.1115318491},"Acc30":{"dtype":"number","min":0,"max":507688.81912691245},"Acc31":{"dtype":"number","min":0,"max":608889.5557698603},"Acc32":{"dtype":"number","min":0,"max":619437.4617058369}},"outputs":{"label":{"dtype":"string","min":0,"max":1,"uniqueValues":["Sustained","Sudden"],"legend":{"Sustained":[1,0],"Sudden":[0,1]}}},"isNormalized":true,"seriesShape":[150,33]}