{"inputUnits":33,"outputUnits":2,"inputs":{"Acc0":{"dtype":"number","min":0,"max":60266.31222874459},"Acc1":{"dtype":"number","min":0,"max":59806.355822912585},"Acc2":{"dtype":"number","min":0,"max":59064.38668598711},"Acc3":{"dtype":"number","min":0,"max":58324.81094791604},"Acc4":{"dtype":"number","min":0,"max":61532.53430244654},"Acc5":{"dtype":"number","min":0,"max":61861.20013735427},"Acc6":{"dtype":"number","min":0,"max":62125.165975490854},"Acc7":{"dtype":"number","min":0,"max":59917.17647633798},"Acc8":{"dtype":"number","min":0,"max":60473.7632971434},"Acc9":{"dtype":"number","min":0,"max":56601.18120202202},"Acc10":{"dtype":"number","min":0,"max":58710.85183504753},"Acc11":{"dtype":"number","min":0,"max":58467.795266705885},"Acc12":{"dtype":"number","min":0,"max":65087.078506545724},"Acc13":{"dtype":"number","min":0,"max":535434.9891667232},"Acc14":{"dtype":"number","min":0,"max":472954.3005512162},"Acc15":{"dtype":"number","min":0,"max":543874.4684039525},"Acc16":{"dtype":"number","min":0,"max":504918.57338265626},"Acc17":{"dtype":"number","min":0,"max":565099.7557122302},"Acc18":{"dtype":"number","min":0,"max":519603.24308461056},"Acc19":{"dtype":"number","min":0,"max":566839.0711219728},"Acc20":{"dtype":"number","min":0,"max":519059.9216670676},"Acc21":{"dtype":"number","min":0,"max":553697.185910845},"Acc22":{"dtype":"number","min":0,"max":513990.51062315475},"Acc23":{"dtype":"number","min":0,"max":45585.33790431757},"Acc24":{"dtype":"number","min":0,"max":50684.559932362165},"Acc25":{"dtype":"number","min":0,"max":620031.4225184178},"Acc26":{"dtype":"number","min":0,"max":551665.7464158767},"Acc27":{"dtype":"number","min":0,"max":619351.7034926998},"Acc28":{"dtype":"number","min":0,"max":625810.4568999123},"Acc29":{"dtype":"number","min":0,"max":676640.9724350432},"Acc30":{"dtype":"number","min":0,"max":602570.3775805394},"Acc31":{"dtype":"number","min":0,"max":636953.0107161336},"Acc32":{"dtype":"number","min":0,"max":620529.3927836312}},"outputs":{"label":{"dtype":"string","min":0,"max":1,"uniqueValues":["A","B"],"legend":{"A":[1,0],"B":[0,1]}}},"isNormalized":true,"seriesShape":[600,33]}