{"inputUnits":33,"outputUnits":3,"inputs":{"Acc0":{"dtype":"number","min":0,"max":512064.7892057642},"Acc1":{"dtype":"number","min":0,"max":504367.2642913802},"Acc2":{"dtype":"number","min":0,"max":501223.3951213197},"Acc3":{"dtype":"number","min":0,"max":498208.23109901417},"Acc4":{"dtype":"number","min":0,"max":510511.2945193559},"Acc5":{"dtype":"number","min":0,"max":514218.9505992357},"Acc6":{"dtype":"number","min":0,"max":517163.6440743782},"Acc7":{"dtype":"number","min":0,"max":484769.59489213064},"Acc8":{"dtype":"number","min":0,"max":535575.3153933269},"Acc9":{"dtype":"number","min":0,"max":504824.3445524484},"Acc10":{"dtype":"number","min":0,"max":510681.60068271577},"Acc11":{"dtype":"number","min":0,"max":452354.42679491825},"Acc12":{"dtype":"number","min":0,"max":653976.5514690717},"Acc13":{"dtype":"number","min":0,"max":410862.0220344551},"Acc14":{"dtype":"number","min":0,"max":678007.5231592513},"Acc15":{"dtype":"number","min":0,"max":418176.27392153424},"Acc16":{"dtype":"number","min":0,"max":683539.9966853264},"Acc17":{"dtype":"number","min":0,"max":419078.96715427696},"Acc18":{"dtype":"number","min":0,"max":690104.627251091},"Acc19":{"dtype":"number","min":0,"max":413675.15413865494},"Acc20":{"dtype":"number","min":0,"max":675405.1608150009},"Acc21":{"dtype":"number","min":0,"max":406886.0169205964},"Acc22":{"dtype":"number","min":0,"max":669164.6576781604},"Acc23":{"dtype":"number","min":0,"max":455542.8672596019},"Acc24":{"dtype":"number","min":0,"max":599784.5996683607},"Acc25":{"dtype":"number","min":0,"max":433199.68313337665},"Acc26":{"dtype":"number","min":0,"max":596564.9537839019},"Acc27":{"dtype":"number","min":0,"max":513475.88485260814},"Acc28":{"dtype":"number","min":0,"max":636287.7244375249},"Acc29":{"dtype":"number","min":0,"max":532620.7517178338},"Acc30":{"dtype":"number","min":0,"max":644906.0669055781},"Acc31":{"dtype":"number","min":0,"max":600757.2471618188},"Acc32":{"dtype":"number","min":0,"max":638166.3633873045}},"outputs":{"label":{"dtype":"string","min":0,"max":1,"uniqueValues":["Sustained","Sudden","Fast"],"legend":{"Sustained":[1,0,0],"Sudden":[0,1,0],"Fast":[0,0,1]}}},"isNormalized":true,"seriesShape":[60,33]}