{"inputUnits":33,"outputUnits":2,"inputs":{"Acc0":{"dtype":"number","min":0,"max":132297.40437703926},"Acc1":{"dtype":"number","min":0,"max":131087.99644023523},"Acc2":{"dtype":"number","min":0,"max":130651.19733972334},"Acc3":{"dtype":"number","min":0,"max":130269.19530940363},"Acc4":{"dtype":"number","min":0,"max":131969.53130733952},"Acc5":{"dtype":"number","min":0,"max":132036.69180776918},"Acc6":{"dtype":"number","min":0,"max":132101.91639213357},"Acc7":{"dtype":"number","min":0,"max":129158.33555076782},"Acc8":{"dtype":"number","min":0,"max":132343.16870855616},"Acc9":{"dtype":"number","min":0,"max":132267.75314010083},"Acc10":{"dtype":"number","min":0,"max":132831.9264334151},"Acc11":{"dtype":"number","min":0,"max":121668.31223674213},"Acc12":{"dtype":"number","min":0,"max":131173.92880465204},"Acc13":{"dtype":"number","min":0,"max":1008589.0875961613},"Acc14":{"dtype":"number","min":0,"max":536901.7316964677},"Acc15":{"dtype":"number","min":0,"max":950153.1555101842},"Acc16":{"dtype":"number","min":0,"max":559033.8094368072},"Acc17":{"dtype":"number","min":0,"max":966610.2923493204},"Acc18":{"dtype":"number","min":0,"max":573305.2243542451},"Acc19":{"dtype":"number","min":0,"max":967149.5856127484},"Acc20":{"dtype":"number","min":0,"max":569940.248151071},"Acc21":{"dtype":"number","min":0,"max":960694.4271858832},"Acc22":{"dtype":"number","min":0,"max":566072.902018505},"Acc23":{"dtype":"number","min":0,"max":129889.5944050239},"Acc24":{"dtype":"number","min":0,"max":132003.65665030756},"Acc25":{"dtype":"number","min":0,"max":129676.62875096574},"Acc26":{"dtype":"number","min":0,"max":131026.57812667901},"Acc27":{"dtype":"number","min":0,"max":133677.0922460546},"Acc28":{"dtype":"number","min":0,"max":130047.47870682353},"Acc29":{"dtype":"number","min":0,"max":129813.37602099478},"Acc30":{"dtype":"number","min":0,"max":130665.35803452463},"Acc31":{"dtype":"number","min":0,"max":131540.2227093452},"Acc32":{"dtype":"number","min":0,"max":132346.7056142089}},"outputs":{"label":{"dtype":"string","min":0,"max":1,"uniqueValues":["Sustained","Sudden"],"legend":{"Sustained":[1,0],"Sudden":[0,1]}}},"isNormalized":true,"seriesShape":[150,33]}