{"inputUnits":33,"outputUnits":2,"inputs":{"Acc0":{"dtype":"number","min":0,"max":71515.08795756496},"Acc1":{"dtype":"number","min":0,"max":77774.52928807563},"Acc2":{"dtype":"number","min":0,"max":78866.86697450797},"Acc3":{"dtype":"number","min":0,"max":79976.13452009535},"Acc4":{"dtype":"number","min":0,"max":75979.82286721833},"Acc5":{"dtype":"number","min":0,"max":75747.55486192036},"Acc6":{"dtype":"number","min":0,"max":75938.8598987298},"Acc7":{"dtype":"number","min":0,"max":82191.80665977128},"Acc8":{"dtype":"number","min":0,"max":77173.10127104937},"Acc9":{"dtype":"number","min":0,"max":70985.92582592039},"Acc10":{"dtype":"number","min":0,"max":68968.43493263976},"Acc11":{"dtype":"number","min":0,"max":82106.18479993471},"Acc12":{"dtype":"number","min":0,"max":37616.45714218228},"Acc13":{"dtype":"number","min":0,"max":147773.43000363407},"Acc14":{"dtype":"number","min":0,"max":210581.09079595085},"Acc15":{"dtype":"number","min":0,"max":219430.87176150145},"Acc16":{"dtype":"number","min":0,"max":211500.82503405554},"Acc17":{"dtype":"number","min":0,"max":231110.80246691743},"Acc18":{"dtype":"number","min":0,"max":136991.3017160168},"Acc19":{"dtype":"number","min":0,"max":209707.77075873181},"Acc20":{"dtype":"number","min":0,"max":137513.88830356704},"Acc21":{"dtype":"number","min":0,"max":220193.10678337546},"Acc22":{"dtype":"number","min":0,"max":133430.51260786547},"Acc23":{"dtype":"number","min":0,"max":56124.9568781},"Acc24":{"dtype":"number","min":0,"max":45272.58312655495},"Acc25":{"dtype":"number","min":0,"max":225417.0259355163},"Acc26":{"dtype":"number","min":0,"max":88682.18124676186},"Acc27":{"dtype":"number","min":0,"max":450579.16290404473},"Acc28":{"dtype":"number","min":0,"max":278664.44346069515},"Acc29":{"dtype":"number","min":0,"max":484520.3150188471},"Acc30":{"dtype":"number","min":0,"max":417507.3820021737},"Acc31":{"dtype":"number","min":0,"max":429182.67316581064},"Acc32":{"dtype":"number","min":0,"max":595358.4119952089}},"outputs":{"label":{"dtype":"string","min":0,"max":1,"uniqueValues":["A","B"],"legend":{"A":[1,0],"B":[0,1]}}},"isNormalized":true,"seriesShape":[150,33]}