{"inputUnits":33,"outputUnits":2,"inputs":{"V0":{"dtype":"number","min":0.8499697538118671,"max":16389.591147679224},"V1":{"dtype":"number","min":0.4641656389438532,"max":17429.890382412024},"V2":{"dtype":"number","min":1.0822970320875005,"max":17542.478793330745},"V3":{"dtype":"number","min":0.6304943480716543,"max":17686.97039104889},"V4":{"dtype":"number","min":0.9149177712256978,"max":17307.977383055983},"V5":{"dtype":"number","min":0.7119267712999946,"max":17295.758059537828},"V6":{"dtype":"number","min":0.6667707039107394,"max":17381.66453192897},"V7":{"dtype":"number","min":0.7890768134792643,"max":17728.661550640027},"V8":{"dtype":"number","min":0.6617924471337963,"max":17888.28034037529},"V9":{"dtype":"number","min":0.5751344274268658,"max":15994.05694433849},"V10":{"dtype":"number","min":1.0041145513819356,"max":16731.443197576573},"V11":{"dtype":"number","min":0.6459675042485922,"max":15554.215522520033},"V12":{"dtype":"number","min":0.4088090834190218,"max":21823.203943421897},"V13":{"dtype":"number","min":0.7282675247851094,"max":16884.903509899028},"V14":{"dtype":"number","min":0.2314409974337663,"max":22638.00112714501},"V15":{"dtype":"number","min":0.13977290856952912,"max":17809.070002763994},"V16":{"dtype":"number","min":0.677609726966516,"max":22830.738878234144},"V17":{"dtype":"number","min":0.5549965102572065,"max":20080.25065968248},"V18":{"dtype":"number","min":0.6991881288957548,"max":23073.722606743308},"V19":{"dtype":"number","min":1.0644382567127988,"max":20065.409546494644},"V20":{"dtype":"number","min":1.6722914343759898,"max":22569.42733874502},"V21":{"dtype":"number","min":0.49335750203491646,"max":19287.00153624886},"V22":{"dtype":"number","min":0.33584449304684744,"max":22346.255890949004},"V23":{"dtype":"number","min":0.17166198967466037,"max":14164.468441977682},"V24":{"dtype":"number","min":0.025234565415123717,"max":20022.646000491026},"V25":{"dtype":"number","min":0.6452847077595332,"max":15220.80637059089},"V26":{"dtype":"number","min":0.4178144221211109,"max":19953.568308661044},"V27":{"dtype":"number","min":0.26568770476972003,"max":21759.94131904294},"V28":{"dtype":"number","min":0.4700018516887318,"max":25139.55554307007},"V29":{"dtype":"number","min":0.23401079913529338,"max":22967.90924200447},"V30":{"dtype":"number","min":0.4560700563904307,"max":25523.635202673173},"V31":{"dtype":"number","min":0.26623953026959574,"max":22895.932116987868},"V32":{"dtype":"number","min":0.5950170558749251,"max":28638.560348901854}},"outputs":{"label":{"dtype":"string","min":0,"max":1,"uniqueValues":["Slow","Fast"],"legend":{"Slow":[1,0],"Fast":[0,1]}}},"isNormalized":true,"seriesShape":[60,33]}